{
  "accuracy": [
    0.4849671415301124,
    0.5576584662527667,
    0.6353052561406505,
    0.7224196227156603,
    0.7898716887966558,
    0.8146171327334967,
    0.8117669752662631,
    0.8185968065504061,
    0.8285547360985326,
    0.8365998735305794,
    0.8460923328999771,
    0.8417629456037186,
    0.8575403136700646,
    0.8590153899984703,
    0.8646928012727757,
    0.8728930176996624,
    0.885662629111971,
    0.8896304023474605,
    0.8937764253600059,
    0.9004352353411909
  ],
  "val_accuracy": [
    0.44792603548243226,
    0.5164879456457623,
    0.5981384006537895,
    0.631300796330133,
    0.734713709988929,
    0.7387715673738855,
    0.7518651584954567,
    0.7588664500016538,
    0.7627827570127972,
    0.7654337501200729,
    0.7921709462495198,
    0.7945523574439534,
    0.7955401232015427,
    0.823693410310727,
    0.8253040787709681,
    0.8350925059644673,
    0.8560499202285665,
    0.8484834864076034,
    0.8744282603576231,
    0.867607941196273
  ],
  "loss": [
    1.412953770762014,
    1.231584256310148,
    0.9907316461437508,
    0.7655016433497394,
    0.5818395184895758,
    0.5706752820468792,
    0.528490064225777,
    0.503982933877706,
    0.4882254491210319,
    0.4367181395110156,
    0.4188435171761175,
    0.3853936122904021,
    0.36324083969394794,
    0.34030999522495947,
    0.30331263431403566,
    0.2589366502599397,
    0.2392798987841966,
    0.2136139560550841,
    0.1538025489591025,
    0.15091760776535498
  ],
  "val_loss": [
    1.5656908956922408,
    1.3630230418745872,
    1.1460281073928922,
    0.9631313741227708,
    0.7576308889599412,
    0.7419621105401316,
    0.7323021369418518,
    0.7177841727676342,
    0.635020678583768,
    0.6196195852047035,
    0.5754834445661607,
    0.559190166726617,
    0.500890432460422,
    0.483969201786743,
    0.44796651024016876,
    0.37872356730545664,
    0.37505299346838034,
    0.34640388183032284,
    0.298995204232295,
    0.22018646628098662
  ]
}